name,email
Hoek bouw Katwijk,N/A
Aannemersbedrijf J&K,info@bobkiezebrink.nl
Aannemersbedrijf Leguit & Roos BV,info@leguitenroos.nl
Bouwbedrijf Van den Boomen BV,info@bouwbedrijfvandenboomen.nl
Aannemersbedrijf Kleinbouw Techniek BV,info@kleinbouw-techniek.nl
Aannemersbedrijf Stegink,info@steginkbasse.nl
Aannemersbedrijf Wiggers BV,info@aannemerwiggers.nl
AANNEMER J. VAN DE GRAAF B.V.,info@aannemergraaf.nl
De Witte Bouw 2000,info@dewittebouw2000.nl
Bouwbedrijf Rijpstra,info@bouwbedrijf-rijpstra.nl
Kamphorst Bouwservice,info@kamphorst.nu
Aannemers & Timmerbedrijf Teus vd Berg BV,info@teusvandenberg.nl
Bolton Bouw BV,info@boltonbouw.nl
Aannemersbedrijf Wilco van Oirschot,info@wilcovanoirschot.nl
Aannemersbedrijf J Runhaar,N/A
Aannemersbedrijf Van Steenberge VOF,N/A
Aannemersbedrijf Zijlstra en Zn L,l.zijlstra9@gmail.com
Aannemersbedrijf Gebr Tromp,N/A
Keij BV Aannemersbedrijf,N/A
Timmer- en Aannemersbedrijf van der Schuit BV,N/A
