name,phone
Hoek bouw Katwijk,+31714028690
Aannemersbedrijf J&K,+31341559952
Aannemersbedrijf Leguit & Roos BV,+31299651301
Bouwbedrijf Van den Boomen BV,+31492661753
Aannemersbedrijf Kleinbouw Techniek BV,+31167572658
Aannemersbedrijf Stegink,+31521588273
Aannemersbedrijf Wiggers BV,+31223613320
AANNEMER J. VAN DE GRAAF B.V.,
De Witte Bouw 2000,+31517413270
Bouwbedrijf Rijpstra,+31517390505
Kamphorst Bouwservice,+31332451381
Aannemers & Timmerbedrijf Teus vd Berg BV,+31183661915
Bolton Bouw BV,+31348692600
Aannemersbedrijf Wilco van Oirschot,+31411678513
Aannemersbedrijf J Runhaar,+31332536123
Aannemersbedrijf Van Steenberge VOF,+31115491926
Aannemersbedrijf Zijlstra en Zn L,+31511473459
Aannemersbedrijf Gebr Tromp,+31786176992
Keij BV Aannemersbedrijf,+31344692223
Timmer- en Aannemersbedrijf van der Schuit BV,+31183504035
