name,address,phone,email
Hoek bouw Katwijk,"Lijnbaanstraat 6, 2222AR Katwijk",+31714028690,N/A
Aannemersbedrijf J&K,"Drieërweg 100 438, 3852MB Ermelo",+31341559952,info@bobkiezebrink.nl
Aannemersbedrijf Leguit & Roos BV,"'t Prooyen 1, 1141VD Monnickendam",+31299651301,info@leguitenroos.nl
Bouwbedrijf Van den Boomen BV,"Loeswijk 25, 5731VK Mierlo",+31492661753,info@bouwbedrijfvandenboomen.nl
Aannemersbedrijf Kleinbouw Techniek BV,"Handelsweg 4, 4675RC Sint Philipsland",+31167572658,info@kleinbouw-techniek.nl
Aannemersbedrijf Stegink,"Basserweg 17, 8342TE Basse",+31521588273,info@steginkbasse.nl
Aannemersbedrijf Wiggers BV,"Jan Verfailleweg 20, 1783BB Den Helder",+31223613320,info@aannemerwiggers.nl
AANNEMER J. VAN DE GRAAF B.V.,"Einsteinstraat 16E, 3316GG DORDRECHT",,info@aannemergraaf.nl
De Witte Bouw 2000,"William Boothstraat 16, 8861TL Harlingen",+31517413270,info@dewittebouw2000.nl
Bouwbedrijf Rijpstra,"Tuinen 51, 8801VX Franeker",+31517390505,info@bouwbedrijf-rijpstra.nl
Kamphorst Bouwservice,"Zeilmaker 7, 3861SM Nijkerk gld",+31332451381,info@kamphorst.nu
Aannemers & Timmerbedrijf Teus vd Berg BV,"van der Kunstraat 2, 4251LN Werkendam",+31183661915,info@teusvandenberg.nl
Bolton Bouw BV,"Zegveldse Uitweg 1, 3443JE Woerden",+31348692600,info@boltonbouw.nl
Aannemersbedrijf Wilco van Oirschot,"Eg 4, 5281MB Boxtel",+31411678513,info@wilcovanoirschot.nl
Aannemersbedrijf J Runhaar,"Schoolstraat 67, 3864MB Nijkerkerveen",+31332536123,N/A
Aannemersbedrijf Van Steenberge VOF,"Weststraat 38, 4553AK Philippine",+31115491926,N/A
Aannemersbedrijf Zijlstra en Zn L,"Feanhout 1, 9269VL Feanwâlden",+31511473459,l.zijlstra9@gmail.com
Aannemersbedrijf Gebr Tromp,"Kromme Zandweg 35, 3319GG Dordrecht",+31786176992,N/A
Keij BV Aannemersbedrijf,"Garststraat 5, 4021AB Maurik",+31344692223,N/A
Timmer- en Aannemersbedrijf van der Schuit BV,"Leemansstraat 33, 4251LD Werkendam",+31183504035,N/A
